Category Name,Unit,Price
Impact Drill,Piece,2
Impact Drill,Piece,675
Impact Drill,Piece,766
Impact Drill,Piece,900
Impact Drill,Piece,1000
Impact Drill,Piece,1000
Impact Drill,Piece,1000
Impact Drill,Piece(s),1050
Impact Drill,Piece(s),1050
Impact Drill,pack,1069
Impact Drill,Piece,1100
Impact Drill,Piece,1100
Impact Drill,Piece,1150
Impact Drill,Piece,1175
Impact Drill,unit,1199
Impact Drill,Piece,1200
Impact Drill,Piece,1200
Impact Drill,Number,1250
Impact Drill,Piece,1290
Impact Drill,pack,1316
Impact Drill,Piece,1350
Impact Drill,Piece,1350
Impact Drill,pack,1383
Impact Drill,pack,1499
Impact Drill,unit,1499
Impact Drill,Piece,1500
Impact Drill,Piece,1500
Impact Drill,Piece,1600
Impact Drill,Piece(s),1600
Impact Drill,Piece,1604
Impact Drill,unit,1633
Impact Drill,Piece,1637
Impact Drill,Piece,1680
Impact Drill,Piece,1690
Impact Drill,Piece,1700
Impact Drill,Unit,1700
Impact Drill,Piece,1710
Impact Drill,Piece,1723
Impact Drill,pack,1725
Impact Drill,pack,1738
Impact Drill,pack,1741
Impact Drill,Piece,1750
Impact Drill,Piece,1750
Impact Drill,Piece,1779
Impact Drill,Piece,1792
Impact Drill,Piece,1793
Impact Drill,Piece,1850
Impact Drill,Piece,1900
Impact Drill,unit,1906
Impact Drill,Piece,1999
Impact Drill,Pack,1999
Impact Drill,Piece,2000
Impact Drill,Piece,2000
Impact Drill,pack,2008
Impact Drill,unit,2019
Impact Drill,pack,2045
Impact Drill,Piece,2050
Impact Drill,Piece(s),2079
Impact Drill,1nos,2100
Impact Drill,Piece,2100
Impact Drill,Piece,2100
Impact Drill,Number,2100
Impact Drill,Piece,2115
Impact Drill,Piece,2117
Impact Drill,unit,2144
Impact Drill,Piece,2147
Impact Drill,Piece,2149
Impact Drill,Unit(s),2150
Impact Drill,Piece,2150
Impact Drill,Pack,2151
Impact Drill,Piece,2166
Impact Drill,Piece,2197
Impact Drill,Piece,2200
Impact Drill,Number,2202
Impact Drill,Pack,2226
Impact Drill,kit,2243
Impact Drill,Piece,2250
Impact Drill,pack,2287
Impact Drill,Piece,2290
Impact Drill,unit,2297
Impact Drill,Piece(s),2300
Impact Drill,Piece,2300
Impact Drill,Piece,2300
Impact Drill,pack,2333
Impact Drill,pack,2344
Impact Drill,Piece,2380
Impact Drill,Piece,2380
Impact Drill,Piece,2399
Impact Drill,Piece,2400
Impact Drill,Piece,2400
Impact Drill,Piece,2450
Impact Drill,unit,2459
Impact Drill,pack,2480
Impact Drill,pack,2481
Impact Drill,Piece,2500
Impact Drill,Piece,2500
Impact Drill,Piece,2500
Impact Drill,Piece,2500
Impact Drill,Piece,2500
Impact Drill,pack,2544
Impact Drill,Piece,2600
Impact Drill,pack,2629
Impact Drill,Piece,2650
Impact Drill,Pack,2678
Impact Drill,unit,2699
Impact Drill,Piece,2700
Impact Drill,Unit,2713
Impact Drill,unit,2713
Impact Drill,Number,2750
Impact Drill,Piece,2777
Impact Drill,pack,2799
Impact Drill,unit,2799
Impact Drill,pack,2799
Impact Drill,Piece,2800
Impact Drill,unit,2859
Impact Drill,Unit,2890
Impact Drill,pack,2897
Impact Drill,pack,2899
Impact Drill,unit,2909
Impact Drill,pack,2999
Impact Drill,Unit,3000
Impact Drill,Piece,3000
Impact Drill,Pack,3096
Impact Drill,unit,3098
Impact Drill,Piece,3119
Impact Drill,pack,3139
Impact Drill,Piece,3153
Impact Drill,pack,3179
Impact Drill,pack,3179
Impact Drill,Piece,3225
Impact Drill,Pack,3227
Impact Drill,Piece,3330
Impact Drill,pack,3349
Impact Drill,Number,3366
Impact Drill,Piece,3370
Impact Drill,Pack,3399
Impact Drill,Unit,3431
Impact Drill,Pack,3460
Impact Drill,Piece,3500
Impact Drill,Piece,3500
Impact Drill,pack,3533
Impact Drill,Piece,3555
Impact Drill,Piece,3640
Impact Drill,Number,3640
Impact Drill,Piece,3691
Impact Drill,Piece,3691
Impact Drill,Piece,3694
Impact Drill,pack,3779
Impact Drill,pack,3821
Impact Drill,pack,3821
Impact Drill,Piece,3848
Impact Drill,Piece,4000
Impact Drill,Piece,4163
Impact Drill,Unit,4250
Impact Drill,pack,4431
Impact Drill,Piece,4468
Impact Drill,unit,4469
Impact Drill,Unit,4500
Impact Drill,Piece,4500
Impact Drill,Piece,4500
Impact Drill,Piece,4500
Impact Drill,pack,4519
Impact Drill,pack,4519
Impact Drill,unit,4725
Impact Drill,Set,4895
Impact Drill,Piece,4959
Impact Drill,Piece,4990
Impact Drill,Pc_Onwards,5000
Impact Drill,ONWARDS,5000
Impact Drill,Piece,5000
Impact Drill,Piece,5200
Impact Drill,Piece,5210
Impact Drill,Number,5300
Impact Drill,Piece,5313
Impact Drill,Number,5470
Impact Drill,Piece,5600
Impact Drill,unit,5619
Impact Drill,unit,5619
Impact Drill,Number,5645
Impact Drill,Kit,5690
Impact Drill,Piece,5690
Impact Drill,Number,5770
Impact Drill,Piece,5930
Impact Drill,pack,5942
Impact Drill,Pc_Onwards,6000
Impact Drill,pack,6040
Impact Drill,unit,6230
Impact Drill,unit,6230
Impact Drill,Piece,6300
Impact Drill,Unit,6800
Impact Drill,Piece,6880
Impact Drill,Piece,7000
Impact Drill,pack,7240
Impact Drill,Piece,7330
Impact Drill,Number,7350
Impact Drill,unit,7364
Impact Drill,Pack,7499
Impact Drill,pack,7999
Impact Drill,Piece,8000
Impact Drill,Piece,8000
Impact Drill,Unit,8000
Impact Drill,Piece,8080
Impact Drill,Piece,8500
Impact Drill,Piece,8500
Impact Drill,Piece,8500
Impact Drill,Unit,8545
Impact Drill,Piece,9115
Impact Drill,Piece,9120
Impact Drill,Piece,9500
Impact Drill,pack,9679
Impact Drill,Pc_Onwards,10000
Impact Drill,Pc_Onwards,10000
Impact Drill,Pc_Onwards,10000
Impact Drill,unit,10206
Impact Drill,Piece,11280
Impact Drill,pack,11909
Impact Drill,unit,11918
Impact Drill,Piece,12300
Impact Drill,Unit,12317
Impact Drill,Number,12360
Impact Drill,Piece,12860
Impact Drill,Unit,13290
Impact Drill,Piece,13290
Impact Drill,Piece,13720
Impact Drill,pack,13790
Impact Drill,Piece,14081
Impact Drill,unit,18140
Impact Drill,pack,18354
Impact Drill,Piece,21500
Impact Drill,Number,22470
Impact Drill,pack,24400
Impact Drill,pack,24400
Impact Drill,Piece,27545
Impact Drill,pack,27579
Impact Drill,Piece,28000
Impact Drill,Number,29840
Impact Drill,Unit,35000
Impact Drill,Unit,35000
Impact Drill,pack,37559
Impact Drill,unit,37848
Impact Drill,pack,38586
Impact Drill,Piece,39830
Impact Drill,pack,41311
Impact Drill,pack,47462
Impact Drill,Unit,55000
Impact Drill,Unit,55000
Impact Drill,Unit,55000
