id,label
0,news
1,news
2,news
3,clickbait
4,news
5,news
6,news
7,news
8,news
9,news
10,news
11,news
12,news
13,news
14,news
15,news
16,news
17,other
18,news
19,news
20,news
21,news
22,news
23,clickbait
24,clickbait
25,clickbait
26,news
27,clickbait
28,news
29,clickbait
30,news
31,news
32,news
33,clickbait
34,news
35,news
36,news
37,news
38,news
39,news
40,news
41,news
42,news
43,news
44,news
45,clickbait
46,news
47,news
48,news
49,news
50,news
51,other
52,other
53,news
54,news
55,other
56,news
57,news
58,news
59,news
60,clickbait
61,news
62,clickbait
63,news
64,news
65,news
66,news
67,news
68,news
69,news
70,news
71,clickbait
72,clickbait
73,news
74,news
75,news
76,news
77,news
78,news
79,news
80,clickbait
81,clickbait
82,news
83,clickbait
84,news
85,news
86,news
87,clickbait
88,news
89,news
90,news
91,news
92,news
93,news
94,clickbait
95,other
96,clickbait
97,news
98,clickbait
99,clickbait
100,news
101,news
102,news
103,news
104,news
105,news
106,news
107,news
108,other
109,news
110,news
111,news
112,news
113,news
114,news
115,clickbait
116,news
117,news
118,news
119,clickbait
120,clickbait
121,news
122,news
123,news
124,news
125,news
126,news
127,news
128,news
129,news
130,news
131,news
132,news
133,news
134,clickbait
135,news
136,news
137,news
138,news
139,news
140,news
141,news
142,news
143,news
144,clickbait
145,news
146,news
147,clickbait
148,news
149,news
150,news
151,clickbait
152,news
153,news
154,news
155,news
156,news
157,news
158,news
159,news
160,other
161,news
162,clickbait
163,news
164,news
165,news
166,news
167,news
168,news
169,news
170,other
171,news
172,news
173,news
174,news
175,news
176,news
177,news
178,news
179,news
180,news
181,news
182,news
183,news
184,other
185,news
186,news
187,news
188,news
189,news
190,news
191,news
192,news
193,news
194,news
195,news
196,news
197,news
198,news
199,news
200,news
201,other
202,news
203,news
204,news
205,other
206,news
207,news
208,news
209,clickbait
210,news
211,other
212,news
213,news
214,news
215,news
216,news
217,news
218,news
219,news
220,news
221,news
222,clickbait
223,clickbait
224,other
225,clickbait
226,other
227,other
228,news
229,news
230,other
231,clickbait
232,news
233,clickbait
234,clickbait
235,news
236,news
237,news
238,news
239,news
240,news
241,news
242,news
243,news
244,other
245,news
246,news
247,news
248,news
249,news
250,news
251,news
252,news
253,news
254,other
255,news
256,news
257,news
258,news
259,news
260,clickbait
261,clickbait
262,news
263,news
264,news
265,clickbait
266,news
267,news
268,news
269,news
270,news
271,news
272,other
273,other
274,news
275,news
276,news
277,news
278,news
279,clickbait
280,news
281,news
282,other
283,news
284,news
285,news
286,clickbait
287,clickbait
288,other
289,news
290,news
291,news
292,clickbait
293,news
294,news
295,news
296,news
297,news
298,news
299,news
300,clickbait
301,news
302,other
303,news
304,news
305,news
306,news
307,news
308,news
309,news
310,other
311,clickbait
312,news
313,news
314,news
315,other
316,news
317,other
318,news
319,news
320,news
321,news
322,news
323,news
324,news
325,news
326,news
327,other
328,news
329,news
330,news
331,news
332,news
333,news
334,news
335,news
336,news
337,clickbait
338,news
339,clickbait
340,news
341,news
342,news
343,clickbait
344,clickbait
345,news
346,clickbait
347,news
348,news
349,news
350,news
351,clickbait
352,news
353,news
354,news
355,news
356,news
357,news
358,news
359,news
360,news
361,other
362,news
363,news
364,news
365,news
366,news
367,clickbait
368,news
369,news
370,news
371,news
372,news
373,other
374,news
375,clickbait
376,news
377,news
378,news
379,news
380,news
381,news
382,news
383,news
384,news
385,news
386,news
387,news
388,clickbait
389,clickbait
390,news
391,news
392,news
393,news
394,news
395,news
396,news
397,news
398,news
399,news
400,news
401,news
402,news
403,other
404,other
405,news
406,news
407,news
408,news
409,news
410,clickbait
411,news
412,news
413,other
414,clickbait
415,clickbait
416,news
417,news
418,news
419,clickbait
420,news
421,news
422,news
423,clickbait
424,news
425,news
426,clickbait
427,news
428,news
429,news
430,news
431,news
432,news
433,news
434,news
435,news
436,other
437,news
438,news
439,news
440,news
441,news
442,news
443,clickbait
444,clickbait
445,news
446,clickbait
447,clickbait
448,news
449,news
450,news
451,news
452,news
453,news
454,news
455,news
456,news
457,news
458,news
459,news
460,news
461,news
462,news
463,news
464,news
465,news
466,news
467,news
468,other
469,news
470,news
471,news
472,news
473,news
474,news
475,news
476,news
477,news
478,news
479,news
480,news
481,news
482,news
483,news
484,news
485,news
486,news
487,news
488,news
489,news
490,other
491,news
492,news
493,clickbait
494,news
495,news
496,news
497,news
498,clickbait
499,news
500,other
501,news
502,news
503,news
504,news
505,news
506,news
507,news
508,other
509,news
510,news
511,news
512,news
513,news
514,other
515,news
516,news
517,news
518,news
519,news
520,news
521,news
522,news
523,other
524,other
525,news
526,other
527,news
528,news
529,news
530,news
531,news
532,news
533,clickbait
534,news
535,news
536,clickbait
537,other
538,other
539,news
540,news
541,news
542,news
543,news
544,news
545,other
546,other
547,news
548,news
549,news
550,clickbait
551,news
552,other
553,news
554,news
555,news
556,news
557,news
558,news
559,news
560,news
561,news
562,news
563,news
564,other
565,news
566,news
567,news
568,news
569,news
570,news
571,news
572,other
573,other
574,news
575,news
576,news
577,news
578,news
579,news
580,other
581,news
582,clickbait
583,news
584,news
585,clickbait
586,news
587,news
588,news
589,news
590,news
591,other
592,news
593,news
594,news
595,clickbait
596,news
597,news
598,news
599,news
600,news
601,news
602,news
603,news
604,news
605,news
606,news
607,news
608,news
609,news
610,news
611,news
612,news
613,news
614,news
615,news
616,news
617,news
618,news
619,news
620,news
621,news
622,clickbait
623,other
624,news
625,news
626,news
627,news
628,news
629,other
630,news
631,news
632,news
633,news
634,news
635,news
636,news
637,news
638,news
639,news
640,clickbait
641,clickbait
642,news
643,news
644,news
645,news
646,news
647,news
648,news
649,news
650,other
651,news
652,news
653,other
654,other
655,news
656,news
657,news
658,news
659,news
660,news
661,news
662,news
663,clickbait
664,news
665,news
666,news
667,news
668,news
669,news
670,news
671,news
672,news
673,news
674,news
675,news
676,news
677,news
678,news
679,news
680,news
681,news
682,news
683,news
684,news
685,news
686,news
687,news
688,news
689,news
690,news
691,news
692,clickbait
693,news
694,news
695,other
696,news
697,news
698,news
699,news
700,other
701,news
702,news
703,news
704,clickbait
705,news
706,other
707,news
708,news
709,news
710,news
711,news
712,news
713,news
714,news
715,news
716,news
717,news
718,news
719,news
720,news
721,news
722,news
723,clickbait
724,clickbait
725,news
726,news
727,other
728,news
729,news
730,clickbait
731,news
732,news
733,clickbait
734,news
735,news
736,other
737,news
738,news
739,news
740,news
741,news
742,news
743,news
744,news
745,news
746,news
747,news
748,clickbait
749,news
750,news
751,news
752,news
753,news
754,news
755,news
756,news
757,news
758,news
759,news
760,news
761,other
762,other
763,news
764,news
765,news
766,news
767,news
768,news
769,news
770,news
771,news
772,news
773,news
774,news
775,news
776,news
777,news
778,news
779,news
780,news
781,news
782,news
783,news
784,news
785,news
786,news
787,news
788,clickbait
789,news
790,news
791,clickbait
792,news
793,news
794,news
795,news
796,news
797,news
798,other
799,news
800,news
801,news
802,news
803,news
804,clickbait
805,news
806,news
807,news
808,news
809,other
810,other
811,news
812,news
813,news
814,news
815,news
816,news
817,news
818,news
819,news
820,news
821,news
822,news
823,news
824,news
825,news
826,news
827,news
828,other
829,news
830,other
831,news
832,news
833,news
834,news
835,news
836,news
837,news
838,news
839,news
840,other
841,news
842,other
843,news
844,news
845,news
846,news
847,news
848,news
849,news
850,news
851,news
852,news
853,news
854,news
855,news
856,news
857,news
858,news
859,news
860,news
861,other
862,clickbait
863,news
864,news
865,news
866,news
867,other
868,news
869,news
870,news
871,clickbait
872,clickbait
873,clickbait
874,news
875,news
876,news
877,news
878,news
879,news
880,news
881,news
882,clickbait
883,news
884,news
885,clickbait
886,news
887,news
888,other
889,news
890,news
891,clickbait
892,news
893,news
894,news
895,news
896,news
897,news
898,clickbait
899,other
900,news
901,news
902,news
903,news
904,clickbait
905,news
906,news
907,news
908,news
909,news
910,news
911,news
912,news
913,news
914,clickbait
915,news
916,news
917,news
918,news
919,news
920,news
921,news
922,news
923,news
924,news
925,news
926,news
927,news
928,news
929,news
930,news
931,news
932,news
933,news
934,news
935,news
936,news
937,other
938,news
939,news
940,news
941,news
942,news
943,news
944,news
945,news
946,news
947,other
948,clickbait
949,other
950,other
951,news
952,news
953,news
954,news
955,clickbait
956,news
957,news
958,news
959,news
960,clickbait
961,news
962,other
963,clickbait
964,news
965,clickbait
966,news
967,news
968,news
969,news
970,news
971,news
972,other
973,clickbait
974,other
975,news
976,news
977,other
978,news
979,news
980,other
981,news
982,other
983,news
984,news
985,news
986,news
987,other
988,other
989,news
990,news
991,news
992,news
993,news
994,news
995,news
996,news
997,news
998,news
999,news
1000,news
1001,news
1002,news
1003,other
1004,news
1005,clickbait
1006,news
1007,news
1008,other
1009,news
1010,news
1011,news
1012,news
1013,news
1014,news
1015,other
1016,news
1017,news
1018,news
1019,news
1020,news
1021,news
1022,other
1023,clickbait
1024,news
1025,news
1026,news
1027,news
1028,news
1029,news
1030,news
1031,news
1032,news
1033,news
1034,news
1035,news
1036,news
1037,news
1038,news
1039,other
1040,news
1041,news
1042,news
1043,news
1044,other
1045,news
1046,other
1047,news
1048,other
1049,news
1050,news
1051,news
1052,news
1053,news
1054,news
1055,news
1056,news
1057,clickbait
1058,news
1059,news
1060,clickbait
1061,clickbait
1062,clickbait
1063,news
1064,news
1065,news
1066,news
1067,news
1068,news
1069,news
1070,clickbait
1071,news
1072,news
1073,news
1074,news
1075,news
1076,news
1077,news
1078,news
1079,news
1080,news
1081,news
1082,other
1083,news
1084,news
1085,clickbait
1086,news
1087,news
1088,news
1089,news
1090,news
1091,news
1092,news
1093,news
1094,news
1095,news
1096,news
1097,news
1098,news
1099,news
1100,news
1101,other
1102,other
1103,clickbait
1104,news
1105,other
1106,news
1107,news
1108,news
1109,news
1110,news
1111,news
1112,news
1113,news
1114,news
1115,news
1116,other
1117,news
1118,news
1119,news
1120,news
1121,news
1122,news
1123,news
1124,news
1125,other
1126,news
1127,news
1128,news
1129,news
1130,news
1131,news
1132,news
1133,news
1134,news
1135,clickbait
1136,news
1137,news
1138,news
1139,news
1140,news
1141,news
1142,news
1143,clickbait
1144,news
1145,news
1146,news
1147,news
1148,other
1149,news
1150,news
1151,clickbait
1152,clickbait
1153,news
1154,news
1155,news
1156,clickbait
1157,news
1158,news
1159,other
1160,news
1161,clickbait
1162,clickbait
1163,news
1164,news
1165,other
1166,news
1167,clickbait
1168,news
1169,news
1170,news
1171,news
1172,news
1173,clickbait
1174,other
1175,news
1176,news
1177,news
1178,news
1179,news
1180,news
1181,news
1182,clickbait
1183,news
1184,news
1185,news
1186,news
1187,other
1188,news
1189,news
1190,news
1191,news
1192,news
1193,news
1194,news
1195,news
1196,news
1197,news
1198,news
1199,news
1200,news
1201,news
1202,news
1203,news
1204,clickbait
1205,other
1206,news
1207,news
1208,news
1209,news
1210,news
1211,news
1212,news
1213,news
1214,news
1215,news
1216,news
1217,news
1218,news
1219,news
1220,news
1221,news
1222,news
1223,news
1224,news
1225,news
1226,news
1227,news
1228,news
1229,other
1230,clickbait
1231,news
1232,news
1233,other
1234,news
1235,news
1236,news
1237,news
1238,news
1239,clickbait
1240,news
1241,news
1242,news
1243,news
1244,news
1245,news
1246,news
1247,news
1248,clickbait
1249,clickbait
1250,news
1251,news
1252,news
1253,news
1254,news
1255,other
1256,news
1257,news
1258,news
1259,news
1260,news
1261,news
1262,news
1263,news
1264,news
1265,news
1266,news
1267,news
1268,news
1269,news
1270,other
1271,clickbait
1272,news
1273,news
1274,news
1275,news
1276,news
1277,news
1278,news
1279,news
1280,news
1281,news
1282,news
1283,news
1284,news
1285,clickbait
1286,news
1287,news
1288,news
1289,news
1290,news
1291,news
1292,news
1293,news
1294,news
1295,news
1296,other
1297,news
1298,other
1299,news
1300,news
1301,news
1302,other
1303,news
1304,news
1305,news
1306,news
1307,news
1308,news
1309,other
1310,news
1311,other
1312,news
1313,news
1314,news
1315,news
1316,news
1317,news
1318,news
1319,news
1320,news
1321,news
1322,news
1323,other
1324,news
1325,news
1326,news
1327,news
1328,news
1329,other
1330,news
1331,news
1332,other
1333,other
1334,news
1335,news
1336,news
1337,news
1338,news
1339,news
1340,clickbait
1341,other
1342,news
1343,news
1344,other
1345,news
1346,news
1347,news
1348,news
1349,news
1350,news
1351,news
1352,news
1353,clickbait
1354,other
1355,clickbait
1356,other
1357,news
1358,news
1359,news
1360,news
1361,news
1362,clickbait
1363,news
1364,news
1365,news
1366,news
1367,news
1368,other
1369,news
1370,clickbait
1371,news
1372,news
1373,news
1374,news
1375,clickbait
1376,news
1377,news
1378,clickbait
1379,news
1380,other
1381,news
1382,news
1383,news
1384,news
1385,news
1386,other
1387,news
1388,news
1389,news
1390,news
1391,news
1392,news
1393,news
1394,news
1395,news
1396,news
1397,news
1398,other
1399,news
1400,clickbait
1401,news
1402,news
1403,news
1404,clickbait
1405,news
1406,news
1407,news
1408,news
1409,news
1410,news
1411,news
1412,clickbait
1413,news
1414,news
1415,news
1416,news
1417,clickbait
1418,news
1419,news
1420,other
1421,news
1422,clickbait
1423,clickbait
1424,clickbait
1425,news
1426,news
1427,news
1428,news
1429,news
1430,news
1431,news
1432,news
1433,clickbait
1434,other
1435,news
1436,news
1437,news
1438,clickbait
1439,news
1440,news
1441,news
1442,news
1443,other
1444,news
1445,news
1446,news
1447,clickbait
1448,news
1449,news
1450,news
1451,clickbait
1452,news
1453,news
1454,news
1455,news
1456,clickbait
1457,news
1458,news
1459,news
1460,news
1461,news
1462,news
1463,clickbait
1464,news
1465,news
1466,news
1467,news
1468,news
1469,news
1470,news
1471,news
1472,clickbait
1473,news
1474,news
1475,news
1476,news
1477,news
1478,news
1479,news
1480,clickbait
1481,news
1482,news
1483,other
1484,news
1485,clickbait
1486,news
1487,clickbait
1488,news
1489,news
1490,clickbait
1491,news
1492,news
1493,clickbait
1494,news
1495,news
1496,news
1497,news
1498,news
1499,news
1500,news
1501,news
1502,news
1503,news
1504,news
1505,other
1506,news
1507,news
1508,other
1509,clickbait
1510,news
1511,news
1512,news
1513,news
1514,news
1515,news
1516,news
1517,news
1518,news
1519,news
1520,news
1521,news
1522,news
1523,news
1524,news
1525,news
1526,news
1527,news
1528,news
1529,news
1530,news
1531,other
1532,news
1533,news
1534,news
1535,news
1536,news
1537,news
1538,news
1539,news
1540,news
1541,news
1542,news
1543,news
1544,news
1545,news
1546,news
1547,news
1548,news
1549,clickbait
1550,clickbait
1551,news
1552,news
1553,news
1554,news
1555,other
1556,clickbait
1557,news
1558,news
1559,news
1560,news
1561,news
1562,news
1563,news
1564,clickbait
1565,news
1566,news
1567,news
1568,news
1569,news
1570,news
1571,news
1572,news
1573,other
1574,news
1575,other
1576,news
1577,news
1578,news
1579,news
1580,news
1581,other
1582,news
1583,news
1584,news
1585,news
1586,news
1587,news
1588,clickbait
1589,news
1590,news
1591,news
1592,other
1593,news
1594,news
1595,news
1596,news
1597,news
1598,news
1599,news
1600,clickbait
1601,news
1602,news
1603,news
1604,clickbait
1605,news
1606,news
1607,news
1608,news
1609,news
1610,news
1611,news
1612,news
1613,news
1614,news
1615,news
1616,news
1617,news
1618,clickbait
1619,news
1620,clickbait
1621,news
1622,clickbait
1623,clickbait
1624,news
1625,news
1626,news
1627,other
1628,news
1629,news
1630,news
1631,other
1632,news
1633,other
1634,news
1635,news
1636,news
1637,news
1638,news
1639,news
1640,news
1641,news
1642,news
1643,other
1644,news
1645,news
1646,news
1647,other
1648,clickbait
1649,news
1650,news
1651,news
1652,news
1653,news
1654,news
1655,clickbait
1656,clickbait
1657,news
1658,news
1659,news
1660,news
1661,news
1662,news
1663,news
1664,news
1665,news
1666,news
1667,news
1668,news
1669,news
1670,news
1671,news
1672,news
1673,news
1674,clickbait
1675,news
1676,news
1677,other
1678,news
1679,news
1680,news
1681,other
1682,other
1683,news
1684,news
1685,news
1686,news
1687,news
1688,news
1689,other
1690,news
1691,news
1692,news
1693,news
1694,news
1695,news
1696,news
1697,news
1698,news
1699,news
1700,news
1701,news
1702,news
1703,clickbait
1704,news
1705,news
1706,news
1707,news
1708,news
1709,news
1710,news
1711,news
1712,news
1713,news
1714,clickbait
1715,news
1716,news
1717,news
1718,other
1719,news
1720,news
1721,clickbait
1722,news
1723,news
1724,news
1725,news
1726,news
1727,other
1728,news
1729,news
1730,news
1731,news
1732,news
1733,news
1734,news
1735,news
1736,news
1737,news
1738,news
1739,news
1740,news
1741,news
1742,other
1743,news
1744,news
1745,news
1746,clickbait
1747,news
1748,news
1749,news
1750,news
1751,news
1752,news
1753,news
1754,news
1755,news
1756,news
1757,news
1758,news
1759,news
1760,news
1761,news
1762,clickbait
1763,news
1764,news
1765,news
1766,news
1767,news
1768,news
1769,news
1770,other
1771,other
1772,other
1773,news
1774,news
1775,news
1776,clickbait
1777,news
1778,news
1779,news
1780,other
1781,news
1782,news
1783,clickbait
1784,other
1785,news
1786,news
1787,news
1788,news
1789,news
1790,news
1791,news
1792,news
1793,news
1794,news
1795,news
1796,other
1797,news
1798,news
1799,news
1800,news
1801,news
1802,news
1803,news
1804,news
1805,news
1806,news
1807,clickbait
1808,news
1809,clickbait
1810,news
1811,news
1812,news
1813,news
1814,news
1815,news
1816,news
1817,news
1818,news
1819,news
1820,news
1821,news
1822,other
1823,other
1824,clickbait
1825,news
1826,other
1827,news
1828,other
1829,news
1830,news
1831,news
1832,clickbait
1833,clickbait
1834,other
1835,news
1836,clickbait
1837,news
1838,news
1839,news
1840,news
1841,news
1842,news
1843,news
1844,news
1845,news
1846,other
1847,news
1848,news
1849,news
1850,news
1851,news
1852,news
1853,news
1854,news
1855,news
1856,news
1857,news
1858,news
1859,news
1860,news
1861,news
1862,other
1863,news
1864,clickbait
1865,news
1866,news
1867,clickbait
1868,other
1869,news
1870,news
1871,news
1872,news
1873,other
1874,other
1875,news
1876,news
1877,news
1878,news
1879,news
1880,news
1881,news
1882,news
1883,news
1884,news
1885,news
1886,news
1887,news
1888,news
1889,news
1890,news
1891,news
1892,news
1893,news
1894,news
1895,news
1896,clickbait
1897,news
1898,news
1899,news
1900,news
1901,news
1902,news
1903,news
1904,news
1905,news
1906,news
1907,news
1908,news
1909,news
1910,other
1911,news
1912,news
1913,news
1914,news
1915,news
1916,news
1917,other
1918,news
1919,news
1920,other
1921,other
1922,clickbait
1923,news
1924,news
1925,news
1926,news
1927,clickbait
1928,news
1929,news
1930,news
1931,news
1932,clickbait
1933,news
1934,news
1935,news
1936,news
1937,news
1938,news
1939,clickbait
1940,news
1941,news
1942,other
1943,other
1944,news
1945,news
1946,news
1947,news
1948,news
1949,news
1950,news
1951,news
1952,news
1953,news
1954,other
1955,news
1956,news
1957,news
1958,news
1959,news
1960,news
1961,news
1962,news
1963,news
1964,news
1965,news
1966,news
1967,news
1968,news
1969,news
1970,news
1971,news
1972,news
1973,clickbait
1974,news
1975,news
1976,news
1977,news
1978,news
1979,clickbait
1980,news
1981,news
1982,news
1983,news
1984,news
1985,news
1986,news
1987,news
1988,news
1989,news
1990,news
1991,news
1992,news
1993,other
1994,news
1995,news
1996,news
1997,news
1998,news
1999,news
2000,news
2001,news
2002,news
2003,news
2004,news
2005,clickbait
2006,news
2007,news
2008,news
2009,news
2010,news
2011,clickbait
2012,other
2013,news
2014,other
2015,news
2016,news
2017,other
2018,news
2019,news
2020,news
2021,news
2022,news
2023,news
2024,other
2025,news
2026,news
2027,news
2028,news
2029,news
2030,clickbait
2031,news
2032,news
2033,news
2034,news
2035,news
2036,news
2037,news
2038,news
2039,news
2040,other
2041,other
2042,news
2043,news
2044,news
2045,news
2046,news
2047,news
2048,news
2049,news
2050,news
2051,news
2052,news
2053,news
2054,news
2055,news
2056,news
2057,news
2058,news
2059,news
2060,news
2061,news
2062,news
2063,news
2064,news
2065,other
2066,news
2067,news
2068,news
2069,clickbait
2070,news
2071,news
2072,news
2073,news
2074,news
2075,news
2076,news
2077,news
2078,news
2079,news
2080,news
2081,news
2082,other
2083,news
2084,news
2085,news
2086,news
2087,news
2088,news
2089,news
2090,news
2091,news
2092,news
2093,news
2094,news
2095,news
2096,news
2097,clickbait
2098,news
2099,news
2100,news
2101,news
2102,news
2103,news
2104,other
2105,clickbait
2106,news
2107,news
2108,news
2109,news
2110,news
2111,news
2112,news
2113,news
2114,news
2115,news
2116,news
2117,news
2118,news
2119,other
2120,news
2121,news
2122,news
2123,news
2124,news
2125,news
2126,news
2127,news
2128,news
2129,news
2130,clickbait
2131,news
2132,news
2133,news
2134,news
2135,news
2136,news
2137,news
2138,news
2139,news
2140,clickbait
2141,other
2142,news
2143,clickbait
2144,clickbait
2145,news
2146,news
2147,news
2148,news
2149,news
2150,news
2151,news
2152,news
2153,news
2154,news
2155,news
2156,news
2157,news
2158,news
2159,news
2160,clickbait
2161,news
2162,news
2163,news
2164,news
2165,news
2166,news
2167,news
2168,news
2169,news
2170,news
2171,other
2172,news
2173,news
2174,clickbait
2175,clickbait
2176,clickbait
2177,news
2178,news
2179,clickbait
2180,news
2181,news
2182,news
2183,news
2184,news
2185,news
2186,news
2187,news
2188,news
2189,clickbait
2190,news
2191,clickbait
2192,clickbait
2193,other
2194,news
2195,other
2196,news
2197,news
2198,news
2199,news
2200,news
2201,news
2202,news
2203,news
2204,news
2205,news
2206,news
2207,news
2208,news
2209,news
2210,news
2211,news
2212,other
2213,news
2214,news
2215,news
2216,news
2217,news
2218,news
2219,clickbait
2220,news
2221,news
2222,news
2223,news
2224,news
2225,news
2226,news
2227,news
2228,news
2229,other
2230,news
2231,other
2232,news
2233,news
2234,news
2235,news
2236,clickbait
2237,news
2238,news
2239,news
2240,news
2241,news
2242,clickbait
2243,news
2244,clickbait
2245,news
2246,news
2247,other
2248,news
2249,news
2250,news
2251,news
2252,news
2253,news
2254,news
2255,news
2256,news
2257,clickbait
2258,news
2259,news
2260,clickbait
2261,news
2262,news
2263,news
2264,news
2265,news
2266,news
2267,news
2268,other
2269,clickbait
2270,news
2271,clickbait
2272,news
2273,other
2274,clickbait
2275,news
2276,news
2277,news
2278,news
2279,news
2280,news
2281,news
2282,news
2283,other
2284,news
2285,news
2286,news
2287,news
2288,news
2289,news
2290,news
2291,news
2292,news
2293,news
2294,news
2295,news
2296,news
2297,clickbait
2298,news
2299,clickbait
2300,other
2301,news
2302,news
2303,news
2304,news
2305,news
2306,other
2307,news
2308,news
2309,news
2310,news
2311,news
2312,news
2313,news
2314,news
2315,news
2316,news
2317,news
2318,other
2319,news
2320,news
2321,news
2322,clickbait
2323,news
2324,news
2325,other
2326,news
2327,clickbait
2328,news
2329,news
2330,news
2331,other
2332,news
2333,news
2334,news
2335,news
2336,other
2337,news
2338,news
2339,news
2340,news
2341,news
2342,news
2343,news
2344,news
2345,news
2346,news
2347,other
2348,news
2349,news
2350,news
2351,news
2352,news
2353,clickbait
2354,news
2355,news
2356,news
2357,news
2358,news
2359,news
2360,news
2361,news
2362,news
2363,news
2364,news
2365,news
2366,news
2367,news
2368,news
2369,news
2370,news
2371,news
2372,news
2373,news
2374,other
2375,news
2376,news
2377,other
2378,news
2379,other
2380,news
2381,news
2382,clickbait
2383,news
2384,news
2385,news
2386,news
2387,news
2388,news
2389,news
2390,news
2391,news
2392,news
2393,news
2394,news
2395,news
2396,news
2397,news
2398,news
2399,other
2400,news
2401,clickbait
2402,news
2403,news
2404,news
2405,news
2406,news
2407,clickbait
2408,news
2409,news
2410,news
2411,news
2412,news
2413,news
2414,news
2415,news
2416,news
2417,news
2418,news
2419,clickbait
2420,news
2421,news
2422,other
2423,news
2424,news
2425,news
2426,news
2427,news
2428,news
2429,news
2430,other
2431,news
2432,news
2433,news
2434,other
2435,news
2436,news
2437,other
2438,news
2439,other
2440,news
2441,news
2442,news
2443,news
2444,news
2445,other
2446,news
2447,news
2448,news
2449,news
2450,clickbait
2451,news
2452,clickbait
2453,news
2454,news
2455,news
2456,news
2457,news
2458,news
2459,news
2460,other
2461,news
2462,news
2463,clickbait
2464,other
2465,news
2466,other
2467,news
2468,news
2469,other
2470,news
2471,news
2472,news
2473,news
2474,news
2475,news
2476,clickbait
2477,news
2478,news
2479,news
2480,news
2481,news
2482,news
2483,news
2484,news
2485,news
2486,news
2487,news
2488,news
2489,news
2490,clickbait
2491,news
2492,news
2493,news
2494,news
2495,clickbait
2496,news
2497,news
2498,other
2499,news
2500,news
2501,news
2502,news
2503,news
2504,news
2505,news
2506,news
2507,news
2508,news
2509,news
2510,news
2511,news
2512,news
2513,other
2514,news
2515,news
2516,news
2517,news
2518,news
2519,news
2520,clickbait
2521,news
2522,news
2523,other
2524,news
2525,news
2526,clickbait
2527,news
2528,news
2529,news
2530,news
2531,clickbait
2532,news
2533,news
2534,news
2535,other
2536,news
2537,news
2538,news
2539,news
2540,news
2541,news
2542,news
2543,news
2544,other
2545,news
2546,news
2547,news
2548,news
2549,news
2550,news
2551,news
2552,news
2553,news
2554,news
2555,news
2556,news
2557,news
2558,news
2559,clickbait
2560,news
2561,news
2562,news
2563,news
2564,clickbait
2565,news
2566,clickbait
2567,news
2568,news
2569,news
2570,news
2571,other
2572,news
2573,news
2574,news
2575,news
2576,news
2577,news
2578,news
2579,news
2580,news
2581,news
2582,news
2583,news
2584,news
2585,news
2586,other
2587,news
2588,news
2589,other
2590,news
2591,news
2592,news
2593,news
2594,news
2595,news
2596,news
2597,clickbait
2598,news
2599,news
2600,clickbait
2601,clickbait
2602,news
2603,news
2604,news
2605,clickbait
2606,clickbait
2607,news
2608,news
2609,other
2610,news
2611,news
2612,news
2613,news
2614,news
2615,news
2616,news
2617,news
2618,clickbait
2619,news
2620,news
2621,news
2622,news
2623,news
2624,other
2625,news
2626,news
2627,news
2628,news
2629,news
2630,news
2631,news
2632,news
2633,news
2634,clickbait
2635,news
2636,news
2637,news
2638,news
2639,news
2640,news
2641,news
2642,news
2643,news
2644,news
2645,news
2646,news
2647,news
2648,news
2649,news
2650,clickbait
2651,news
2652,news
2653,news
2654,clickbait
2655,clickbait
2656,news
2657,news
2658,news
2659,news
2660,clickbait
2661,news
2662,news
2663,news
2664,news
2665,news
2666,news
2667,news
2668,news
2669,news
2670,news
2671,news
2672,news
2673,news
2674,news
2675,news
2676,news
2677,news
2678,news
2679,news
2680,news
2681,news
2682,news
2683,clickbait
2684,news
2685,news
2686,news
2687,news
2688,other
2689,other
2690,news
2691,clickbait
2692,news
2693,news
2694,other
2695,news
2696,news
2697,news
2698,news
2699,news
2700,news
2701,news
2702,news
2703,news
2704,news
2705,news
2706,news
2707,news
2708,news
2709,news
2710,news
2711,news
2712,news
2713,news
2714,news
2715,news
2716,news
2717,news
2718,news
2719,clickbait
2720,news
2721,clickbait
2722,news
2723,news
2724,other
2725,news
2726,news
2727,news
2728,news
2729,other
2730,news
2731,news
2732,news
2733,news
2734,other
2735,news
2736,news
2737,news
2738,clickbait
2739,news
2740,news
2741,news
2742,news
2743,news
2744,news
2745,other
2746,news
2747,news
2748,other
2749,other
2750,news
2751,news
2752,news
2753,news
2754,news
2755,news
2756,news
2757,news
2758,news
2759,news
2760,news
2761,clickbait
2762,news
2763,news
2764,news
2765,news
2766,news
2767,news
2768,news
2769,news
2770,news
2771,clickbait
2772,news
2773,clickbait
2774,news
2775,news
2776,news
2777,news
2778,news
2779,news
2780,news
2781,other
2782,news
2783,news
2784,news
2785,news
2786,news
2787,news
2788,clickbait
2789,other
2790,news
2791,other
2792,news
2793,clickbait
2794,clickbait
2795,news
2796,news
2797,news
2798,news
2799,news
2800,news
2801,news
2802,news
2803,clickbait
2804,news
2805,clickbait
2806,news
2807,news
2808,clickbait
2809,news
2810,news
2811,news
2812,news
2813,news
2814,news
2815,news
2816,news
2817,news
2818,news
2819,news
2820,news
2821,news
2822,other
2823,news
2824,news
2825,clickbait
2826,news
2827,news
2828,other
2829,clickbait
2830,news
2831,clickbait
2832,clickbait
2833,news
2834,news
2835,news
2836,news
2837,news
2838,news
2839,news
2840,news
2841,news
2842,clickbait
2843,clickbait
2844,news
2845,news
2846,news
2847,news
2848,news
2849,news
2850,news
2851,news
2852,news
2853,news
2854,news
2855,other
2856,news
2857,news
2858,news
2859,news
2860,news
2861,news
2862,clickbait
2863,news
2864,news
2865,news
2866,other
2867,news
2868,news
2869,news
2870,news
2871,news
2872,other
2873,news
2874,news
2875,news
2876,news
2877,news
2878,news
2879,clickbait
2880,news
2881,news
2882,news
2883,other
2884,other
2885,news
2886,news
2887,news
2888,news
2889,other
2890,news
2891,news
2892,news
2893,clickbait
2894,news
2895,news
2896,other
2897,news
2898,news
2899,news
2900,news
2901,news
2902,news
2903,news
2904,news
2905,news
2906,news
2907,clickbait
2908,clickbait
2909,news
2910,news
2911,news
2912,news
2913,news
2914,news
2915,news
2916,news
2917,news
2918,news
2919,news
2920,news
2921,news
2922,news
2923,news
2924,news
2925,clickbait
2926,clickbait
2927,news
2928,news
2929,news
2930,news
2931,clickbait
2932,clickbait
2933,news
2934,news
2935,news
2936,other
2937,news
2938,news
2939,news
2940,clickbait
2941,clickbait
2942,news
2943,news
2944,other
2945,news
2946,news
2947,news
2948,clickbait
2949,news
2950,news
2951,news
2952,news
2953,news
2954,news
2955,news
2956,news
2957,news
2958,news
2959,news
2960,news
2961,news
2962,news
2963,news
2964,clickbait
2965,news
2966,news
2967,news
2968,news
2969,other
2970,news
2971,news
2972,news
2973,news
2974,news
2975,news
2976,other
2977,news
2978,news
2979,other
2980,news
2981,news
2982,clickbait
2983,news
2984,news
2985,news
2986,news
2987,news
2988,news
2989,news
2990,news
2991,news
2992,news
2993,news
2994,news
2995,news
2996,news
2997,news
2998,news
2999,news
3000,news
3001,news
3002,other
3003,news
3004,news
3005,news
3006,news
3007,news
3008,news
3009,news
3010,news
3011,news
3012,news
3013,other
3014,news
3015,news
3016,news
3017,news
3018,news
3019,news
3020,news
3021,news
3022,news
3023,other
3024,news
3025,news
3026,news
3027,news
3028,clickbait
3029,clickbait
3030,news
3031,clickbait
3032,news
3033,news
3034,news
3035,news
3036,news
3037,news
3038,news
3039,news
3040,other
3041,news
3042,news
3043,news
3044,news
3045,news
3046,news
3047,news
3048,news
3049,news
3050,news
3051,news
3052,news
3053,other
3054,news
3055,news
3056,clickbait
3057,news
3058,news
3059,news
3060,news
3061,news
3062,news
3063,news
3064,news
3065,news
3066,news
3067,news
3068,news
3069,news
3070,news
3071,news
3072,news
3073,news
3074,news
3075,clickbait
3076,news
3077,news
3078,news
3079,news
3080,news
3081,news
3082,news
3083,news
3084,news
3085,news
3086,news
3087,other
3088,other
3089,news
3090,clickbait
3091,news
3092,news
3093,news
3094,clickbait
3095,news
3096,clickbait
3097,news
3098,news
3099,news
3100,news
3101,news
3102,news
3103,news
3104,news
3105,news
3106,news
3107,news
3108,news
3109,other
3110,news
3111,news
3112,news
3113,news
3114,news
3115,news
3116,news
3117,news
3118,news
3119,news
3120,news
3121,news
3122,news
3123,news
3124,news
3125,news
3126,news
3127,news
3128,other
3129,news
3130,clickbait
3131,clickbait
3132,news
3133,clickbait
3134,news
3135,news
3136,news
3137,news
3138,news
3139,news
3140,news
3141,clickbait
3142,news
3143,news
3144,clickbait
3145,news
3146,clickbait
3147,news
3148,news
3149,news
3150,news
3151,news
3152,news
3153,news
3154,news
3155,news
3156,news
3157,news
3158,news
3159,news
3160,news
3161,news
3162,news
3163,news
3164,news
3165,news
3166,news
3167,news
3168,news
3169,news
3170,news
3171,other
3172,news
3173,clickbait
3174,news
3175,news
3176,other
3177,news
3178,news
3179,news
3180,clickbait
3181,news
3182,news
3183,news
3184,news
3185,clickbait
3186,news
3187,news
3188,clickbait
3189,news
3190,other
3191,news
3192,news
3193,news
3194,news
3195,clickbait
3196,news
3197,news
3198,other
3199,news
3200,other
3201,news
3202,clickbait
3203,other
3204,news
3205,news
3206,news
3207,news
3208,clickbait
3209,news
3210,news
3211,news
3212,news
3213,news
3214,news
3215,news
3216,news
3217,news
3218,news
3219,other
3220,clickbait
3221,news
3222,clickbait
3223,news
3224,news
3225,news
3226,news
3227,news
3228,news
3229,news
3230,news
3231,news
3232,clickbait
3233,news
3234,news
3235,other
3236,news
3237,other
3238,news
3239,news
3240,other
3241,news
3242,news
3243,news
3244,news
3245,news
3246,news
3247,news
3248,news
3249,news
3250,news
3251,clickbait
3252,news
3253,news
3254,news
3255,news
3256,news
3257,news
3258,news
3259,news
3260,news
3261,news
3262,news
3263,news
3264,news
3265,news
3266,news
3267,news
3268,news
3269,news
3270,news
3271,news
3272,news
3273,news
3274,news
3275,news
3276,news
3277,news
3278,news
3279,news
3280,news
3281,news
3282,news
3283,news
3284,other
3285,news
3286,news
3287,other
3288,news
3289,other
3290,news
3291,news
3292,news
3293,news
3294,news
3295,news
3296,news
3297,other
3298,news
3299,news
3300,clickbait
3301,news
3302,other
3303,news
3304,news
3305,other
3306,news
3307,news
3308,other
3309,news
3310,news
3311,news
3312,news
3313,clickbait
3314,news
3315,news
3316,clickbait
3317,news
3318,news
3319,news
3320,news
3321,other
3322,news
3323,news
3324,news
3325,news
3326,news
3327,news
3328,clickbait
3329,clickbait
3330,clickbait
3331,news
3332,news
3333,news
3334,news
3335,news
3336,news
3337,news
3338,clickbait
3339,news
3340,news
3341,news
3342,news
3343,news
3344,news
3345,news
3346,news
3347,news
3348,news
3349,news
3350,news
3351,news
3352,news
3353,news
3354,news
3355,news
3356,news
3357,news
3358,other
3359,news
3360,news
3361,news
3362,news
3363,news
3364,news
3365,news
3366,news
3367,news
3368,news
3369,news
3370,news
3371,news
3372,news
3373,clickbait
3374,news
3375,clickbait
3376,news
3377,news
3378,news
3379,news
3380,news
3381,news
3382,news
3383,news
3384,other
3385,news
3386,news
3387,news
3388,news
3389,news
3390,news
3391,news
3392,news
3393,other
3394,news
3395,news
3396,news
3397,news
3398,news
3399,news
3400,news
3401,news
3402,news
3403,news
3404,news
3405,news
3406,clickbait
3407,news
3408,other
3409,news
3410,news
3411,news
3412,news
3413,news
3414,news
3415,other
3416,news
3417,news
3418,news
3419,news
3420,other
3421,news
3422,clickbait
3423,news
3424,news
3425,news
3426,news
3427,news
3428,news
3429,news
3430,news
3431,news
3432,clickbait
3433,other
3434,news
3435,news
3436,news
3437,news
3438,news
3439,other
3440,news
3441,news
3442,news
3443,news
3444,other
3445,clickbait
3446,other
3447,news
3448,news
3449,clickbait
3450,news
3451,news
3452,news
3453,news
3454,news
3455,news
3456,news
3457,clickbait
3458,news
3459,news
3460,news
3461,news
3462,news
3463,news
3464,clickbait
3465,news
3466,news
3467,clickbait
3468,news
3469,news
3470,news
3471,news
3472,news
3473,news
3474,other
3475,news
3476,news
3477,other
3478,news
3479,other
3480,news
3481,news
3482,news
3483,news
3484,news
3485,news
3486,news
3487,news
3488,news
3489,news
3490,news
3491,news
3492,other
3493,news
3494,news
3495,news
3496,news
3497,news
3498,news
3499,news
3500,news
3501,news
3502,news
3503,news
3504,news
3505,other
3506,news
3507,news
3508,news
3509,news
3510,clickbait
3511,news
3512,news
3513,news
3514,news
3515,news
3516,other
3517,clickbait
3518,other
3519,news
3520,news
3521,clickbait
3522,other
3523,clickbait
3524,news
3525,news
3526,news
3527,clickbait
3528,news
3529,news
3530,news
3531,news
3532,news
3533,news
3534,news
3535,news
3536,news
3537,other
3538,news
3539,other
3540,other
3541,news
3542,news
3543,news
3544,news
3545,news
3546,news
3547,news
3548,clickbait
3549,news
3550,news
3551,news
3552,news
3553,other
3554,news
3555,other
3556,news
3557,news
3558,news
3559,news
3560,news
3561,news
3562,news
3563,other
3564,news
3565,news
3566,news
3567,news
3568,news
3569,news
3570,news
3571,other
3572,clickbait
3573,news
3574,news
3575,other
3576,news
3577,other
3578,other
3579,news
3580,news
3581,news
3582,news
3583,news
3584,news
3585,news
3586,news
3587,news
3588,news
3589,news
3590,clickbait
3591,news
3592,news
3593,news
3594,news
3595,clickbait
3596,news
3597,news
3598,news
3599,news
3600,news
3601,news
3602,news
3603,news
3604,news
3605,clickbait
3606,news
3607,news
3608,news
3609,news
3610,news
3611,news
3612,other
3613,news
3614,news
3615,news
3616,news
3617,news
3618,news
3619,news
3620,news
3621,news
3622,news
3623,news
3624,news
3625,news
3626,news
3627,clickbait
3628,news
3629,news
3630,news
3631,news
3632,news
3633,news
3634,news
3635,news
3636,news
3637,news
3638,news
3639,news
3640,news
3641,news
3642,news
3643,clickbait
3644,clickbait
3645,news
3646,news
3647,news
3648,news
3649,other
3650,news
3651,news
3652,news
3653,news
3654,other
3655,news
3656,news
3657,clickbait
3658,news
3659,news
3660,news
3661,news
3662,news
3663,other
3664,news
3665,clickbait
3666,news
3667,news
3668,news
3669,news
3670,news
3671,news
3672,news
3673,news
3674,other
3675,news
3676,news
3677,news
3678,news
3679,news
3680,news
3681,news
3682,news
3683,news
3684,news
3685,news
3686,news
3687,news
3688,news
3689,news
3690,news
3691,news
3692,news
3693,news
3694,news
3695,news
3696,news
3697,news
3698,news
3699,other
3700,news
3701,news
3702,other
3703,news
3704,news
3705,other
3706,clickbait
3707,news
3708,news
3709,news
3710,news
3711,news
3712,news
3713,news
3714,other
3715,other
3716,news
3717,news
3718,news
3719,news
3720,news
3721,news
3722,news
3723,news
3724,news
3725,news
3726,news
3727,other
3728,news
3729,news
3730,news
3731,news
3732,news
3733,news
3734,news
3735,news
3736,clickbait
3737,news
3738,news
3739,news
3740,news
3741,news
3742,news
3743,news
3744,news
3745,news
3746,news
3747,clickbait
3748,other
3749,other
3750,news
3751,news
3752,news
3753,news
3754,news
3755,other
3756,clickbait
3757,other
3758,news
3759,news
3760,news
3761,news
3762,news
3763,news
3764,news
3765,news
3766,news
3767,clickbait
3768,news
3769,news
3770,clickbait
3771,news
3772,news
3773,clickbait
3774,news
3775,news
3776,clickbait
3777,news
3778,other
3779,news
3780,news
3781,news
3782,news
3783,other
3784,other
3785,news
3786,news
3787,news
3788,news
3789,news
3790,news
3791,news
3792,news
3793,news
3794,news
3795,news
3796,news
3797,news
3798,news
3799,news
3800,news
3801,news
3802,news
3803,clickbait
3804,news
3805,news
3806,clickbait
3807,news
3808,news
3809,news
3810,news
3811,news
3812,news
3813,news
3814,news
3815,news
3816,news
3817,other
3818,news
3819,news
3820,news
3821,other
3822,news
3823,news
3824,news
3825,news
3826,news
3827,news
3828,news
3829,news
3830,other
3831,news
3832,news
3833,news
3834,news
3835,news
3836,news
3837,news
3838,clickbait
3839,news
3840,news
3841,news
3842,news
3843,news
3844,news
3845,news
3846,news
3847,clickbait
3848,news
3849,clickbait
3850,news
3851,news
3852,news
3853,news
3854,news
3855,other
3856,news
3857,news
3858,news
3859,other
3860,news
3861,news
3862,news
3863,other
3864,news
3865,news
3866,news
3867,news
3868,news
3869,news
3870,news
3871,news
3872,news
3873,news
3874,other
3875,clickbait
3876,news
3877,news
3878,other
3879,news
3880,other
3881,other
3882,news
3883,news
3884,other
3885,news
3886,news
3887,news
3888,news
3889,clickbait
3890,other
3891,news
3892,news
3893,news
3894,news
3895,news
3896,news
3897,news
3898,news
3899,news
3900,other
3901,news
3902,news
3903,news
3904,news
3905,news
3906,news
3907,other
3908,news
3909,news
3910,news
3911,news
3912,news
3913,news
3914,news
3915,news
3916,news
3917,news
3918,news
3919,clickbait
3920,news
3921,clickbait
3922,news
3923,news
3924,news
3925,news
3926,clickbait
3927,news
3928,news
3929,news
3930,clickbait
3931,news
3932,news
3933,news
3934,other
3935,news
3936,other
3937,news
3938,news
3939,news
3940,news
3941,news
3942,news
3943,news
3944,news
3945,news
3946,other
3947,news
3948,news
3949,news
3950,news
3951,news
3952,news
3953,other
3954,news
3955,news
3956,news
3957,news
3958,news
3959,clickbait
3960,news
3961,news
3962,news
3963,news
3964,other
3965,clickbait
3966,news
3967,news
3968,news
3969,other
3970,news
3971,news
3972,news
3973,news
3974,other
3975,clickbait
3976,news
3977,news
3978,news
3979,news
3980,news
3981,news
3982,news
3983,other
3984,news
3985,news
3986,news
3987,news
3988,news
3989,news
3990,other
3991,news
3992,news
3993,news
3994,news
3995,news
3996,news
3997,news
3998,clickbait
3999,news
4000,news
4001,news
4002,other
4003,news
4004,news
4005,news
4006,news
4007,news
4008,news
4009,news
4010,news
4011,news
4012,news
4013,news
4014,news
4015,news
4016,news
4017,news
4018,news
4019,news
4020,other
4021,news
4022,news
4023,news
4024,news
4025,clickbait
4026,news
4027,news
4028,news
4029,news
4030,news
4031,other
4032,news
4033,clickbait
4034,news
4035,clickbait
4036,news
4037,clickbait
4038,clickbait
4039,news
4040,news
4041,news
4042,news
4043,other
4044,news
4045,news
4046,news
4047,news
4048,news
4049,news
4050,news
4051,clickbait
4052,news
4053,news
4054,news
4055,news
4056,clickbait
4057,news
4058,news
4059,news
4060,clickbait
4061,news
4062,news
4063,news
4064,news
4065,news
4066,news
4067,news
4068,news
4069,news
4070,news
4071,news
4072,other
4073,clickbait
4074,other
4075,news
4076,news
4077,clickbait
4078,news
4079,news
4080,news
4081,news
4082,clickbait
4083,news
4084,news
4085,other
4086,news
4087,clickbait
4088,news
4089,news
4090,news
4091,news
4092,news
4093,news
4094,news
4095,news
4096,clickbait
4097,news
4098,news
4099,other
4100,other
4101,news
4102,news
4103,news
4104,news
4105,news
4106,news
4107,other
4108,news
4109,news
4110,news
4111,news
4112,news
4113,news
4114,news
4115,news
4116,news
4117,news
4118,news
4119,news
4120,news
4121,clickbait
4122,clickbait
4123,news
4124,news
4125,news
4126,news
4127,news
4128,news
4129,news
4130,news
4131,clickbait
4132,news
4133,news
4134,news
4135,news
4136,news
4137,clickbait
4138,news
4139,news
4140,news
4141,news
4142,news
4143,news
4144,news
4145,news
4146,news
4147,news
4148,clickbait
4149,news
4150,news
4151,news
4152,news
4153,other
4154,news
4155,news
4156,news
4157,news
4158,news
4159,news
4160,news
4161,news
4162,news
4163,news
4164,news
4165,news
4166,news
4167,news
4168,news
4169,news
4170,news
4171,news
4172,news
4173,clickbait
4174,news
4175,news
4176,news
4177,news
4178,news
4179,news
4180,news
4181,news
4182,news
4183,news
4184,other
4185,news
4186,news
4187,news
4188,news
4189,news
4190,news
4191,news
4192,news
4193,news
4194,news
4195,news
4196,clickbait
4197,news
4198,news
4199,news
4200,news
4201,news
4202,news
4203,news
4204,news
4205,clickbait
4206,news
4207,news
4208,news
4209,news
4210,news
4211,news
4212,news
4213,news
4214,news
4215,news
4216,news
4217,news
4218,news
4219,news
4220,news
4221,news
4222,news
4223,news
4224,news
4225,news
4226,news
4227,news
4228,news
4229,news
4230,news
4231,news
4232,news
4233,news
4234,news
4235,news
4236,news
4237,news
4238,news
4239,news
4240,other
4241,news
4242,news
4243,clickbait
4244,news
4245,news
4246,news
4247,news
4248,news
4249,news
4250,news
4251,clickbait
4252,news
4253,news
4254,news
4255,news
4256,news
4257,news
4258,news
4259,other
4260,news
4261,news
4262,news
4263,news
4264,news
4265,news
4266,news
4267,news
4268,news
4269,news
4270,news
4271,news
4272,news
4273,news
4274,clickbait
4275,news
4276,news
4277,clickbait
4278,news
4279,news
4280,news
4281,news
4282,news
4283,news
4284,news
4285,other
4286,clickbait
4287,news
4288,news
4289,clickbait
4290,news
4291,news
4292,other
4293,news
4294,news
4295,news
4296,news
4297,news
4298,news
4299,news
4300,news
4301,news
4302,news
4303,news
4304,news
4305,news
4306,news
4307,news
4308,news
4309,news
4310,news
4311,clickbait
4312,other
4313,news
4314,news
4315,news
4316,news
4317,other
4318,news
4319,clickbait
4320,news
4321,clickbait
4322,news
4323,news
4324,news
4325,news
4326,news
4327,clickbait
4328,news
4329,news
4330,news
4331,other
4332,other
4333,news
4334,news
4335,news
4336,other
4337,other
4338,other
4339,news
4340,news
4341,news
4342,news
4343,news
4344,news
4345,news
4346,clickbait
4347,other
4348,news
4349,other
4350,news
4351,clickbait
4352,news
4353,news
4354,other
4355,news
4356,news
4357,news
4358,news
4359,news
4360,news
4361,news
4362,news
4363,news
4364,news
4365,news
4366,news
4367,news
4368,news
4369,news
4370,news
4371,clickbait
4372,news
4373,news
4374,news
4375,news
4376,news
4377,news
4378,news
4379,news
4380,news
4381,news
4382,news
4383,news
4384,news
4385,news
4386,news
4387,news
4388,news
4389,news
4390,news
4391,news
4392,news
4393,news
4394,news
4395,clickbait
4396,news
4397,clickbait
4398,news
4399,news
4400,clickbait
4401,news
4402,news
4403,clickbait
4404,clickbait
4405,news
4406,news
4407,clickbait
4408,news
4409,news
4410,news
4411,news
4412,news
4413,news
4414,news
4415,news
4416,news
4417,news
4418,news
4419,clickbait
4420,news
4421,clickbait
4422,news
4423,news
4424,clickbait
4425,news
4426,news
4427,news
4428,news
4429,news
4430,news
4431,news
4432,news
4433,other
4434,news
4435,news
4436,news
4437,news
4438,news
4439,news
4440,news
4441,news
4442,news
4443,news
4444,news
4445,news
4446,news
4447,news
4448,news
4449,news
4450,news
4451,clickbait
4452,news
4453,news
4454,news
4455,news
4456,clickbait
4457,news
4458,news
4459,news
4460,news
4461,clickbait
4462,news
4463,clickbait
4464,news
4465,other
4466,news
4467,news
4468,news
4469,news
4470,other
4471,news
4472,news
4473,clickbait
4474,news
4475,news
4476,news
4477,news
4478,news
4479,news
4480,news
4481,other
4482,news
4483,clickbait
4484,news
4485,news
4486,news
4487,news
4488,clickbait
4489,news
4490,news
4491,news
4492,clickbait
4493,news
4494,news
4495,news
4496,news
4497,clickbait
4498,news
4499,news
4500,news
4501,news
4502,news
4503,news
4504,news
4505,news
4506,news
4507,news
4508,clickbait
4509,news
4510,other
4511,news
4512,news
4513,news
4514,clickbait
4515,news
4516,news
4517,news
4518,news
4519,news
4520,news
4521,news
4522,news
4523,news
4524,news
4525,news
4526,news
4527,news
4528,news
4529,news
4530,news
4531,news
4532,news
4533,news
4534,news
4535,news
4536,clickbait
4537,clickbait
4538,news
4539,news
4540,clickbait
4541,news
4542,news
4543,news
4544,news
4545,news
4546,clickbait
4547,news
4548,clickbait
4549,news
4550,news
4551,news
4552,news
4553,news
4554,news
4555,news
4556,news
4557,news
4558,news
4559,news
4560,clickbait
4561,news
4562,other
4563,news
4564,news
4565,news
4566,news
4567,news
4568,other
4569,news
4570,news
4571,news
4572,clickbait
4573,news
4574,news
4575,news
4576,news
4577,news
4578,news
4579,news
4580,news
4581,news
4582,news
4583,news
4584,news
4585,news
4586,news
4587,news
4588,news
4589,news
4590,news
4591,news
4592,news
4593,news
4594,news
4595,news
4596,clickbait
4597,news
4598,news
4599,news
4600,other
4601,news
4602,news
4603,news
4604,news
4605,news
4606,news
4607,other
4608,news
4609,news
4610,clickbait
4611,news
4612,other
4613,news
4614,news
4615,clickbait
4616,news
4617,news
4618,clickbait
4619,news
4620,news
4621,clickbait
4622,news
4623,news
4624,clickbait
4625,other
4626,news
4627,news
4628,news
4629,news
4630,news
4631,news
4632,news
4633,news
4634,news
4635,news
4636,news
4637,news
4638,news
4639,news
4640,news
4641,news
4642,clickbait
4643,news
4644,news
4645,news
4646,news
4647,news
4648,news
4649,news
4650,news
4651,news
4652,news
4653,news
4654,news
4655,news
4656,news
4657,news
4658,clickbait
4659,news
4660,clickbait
4661,news
4662,news
4663,other
4664,news
4665,clickbait
4666,news
4667,clickbait
4668,news
4669,news
4670,news
4671,news
4672,news
4673,news
4674,news
4675,news
4676,news
4677,news
4678,news
4679,news
4680,news
4681,news
4682,news
4683,news
4684,news
4685,other
4686,news
4687,news
4688,news
4689,news
4690,news
4691,news
4692,other
4693,news
4694,news
4695,news
4696,news
4697,clickbait
4698,news
4699,news
4700,news
4701,news
4702,news
4703,news
4704,news
4705,clickbait
4706,clickbait
4707,news
4708,news
4709,news
4710,news
4711,news
4712,news
4713,clickbait
4714,news
4715,other
4716,news
4717,other
4718,news
4719,other
4720,news
4721,news
4722,news
4723,news
4724,news
4725,news
4726,news
4727,clickbait
4728,news
4729,clickbait
4730,news
4731,clickbait
4732,news
4733,news
4734,clickbait
4735,clickbait
4736,news
4737,news
4738,news
4739,news
4740,news
4741,news
4742,news
4743,news
4744,news
4745,news
4746,news
4747,news
4748,news
4749,news
4750,news
4751,news
4752,news
4753,news
4754,clickbait
4755,news
4756,news
4757,news
4758,news
4759,clickbait
4760,news
4761,clickbait
4762,news
4763,news
4764,news
4765,news
4766,news
4767,news
4768,news
4769,news
4770,news
4771,news
4772,news
4773,news
4774,news
4775,news
4776,other
4777,clickbait
4778,news
4779,news
4780,news
4781,news
4782,clickbait
4783,news
4784,news
4785,news
4786,news
4787,news
4788,news
4789,news
4790,news
4791,news
4792,news
4793,news
4794,news
4795,news
4796,news
4797,other
4798,news
4799,news
4800,news
4801,news
4802,news
4803,news
4804,news
4805,news
4806,news
4807,other
4808,news
4809,news
4810,clickbait
4811,news
4812,news
4813,news
4814,clickbait
4815,news
4816,news
4817,news
4818,other
4819,news
4820,news
4821,news
4822,news
4823,news
4824,news
4825,other
4826,news
4827,news
4828,news
4829,news
4830,news
4831,news
4832,news
4833,news
4834,news
4835,news
4836,news
4837,clickbait
4838,news
4839,news
4840,news
4841,clickbait
4842,news
4843,news
4844,news
4845,news
4846,news
4847,news
4848,clickbait
4849,clickbait
4850,clickbait
4851,news
4852,news
4853,news
4854,news
4855,news
4856,news
4857,news
4858,news
4859,news
4860,news
4861,news
4862,news
4863,news
4864,news
4865,news
4866,news
4867,news
4868,news
4869,news
4870,news
4871,clickbait
4872,other
4873,news
4874,news
4875,news
4876,clickbait
4877,news
4878,news
4879,news
4880,news
4881,news
4882,other
4883,news
4884,news
4885,news
4886,news
4887,news
4888,news
4889,news
4890,clickbait
4891,clickbait
4892,other
4893,other
4894,news
4895,news
4896,news
4897,news
4898,news
4899,clickbait
4900,news
4901,news
4902,clickbait
4903,other
4904,news
4905,clickbait
4906,clickbait
4907,other
4908,news
4909,news
4910,news
4911,news
4912,clickbait
4913,news
4914,news
4915,news
4916,news
4917,news
4918,news
4919,news
4920,news
4921,news
4922,news
4923,news
4924,clickbait
4925,news
4926,clickbait
4927,news
4928,other
4929,news
4930,news
4931,other
4932,news
4933,news
4934,news
4935,news
4936,news
4937,clickbait
4938,other
4939,news
4940,other
4941,news
4942,news
4943,news
4944,news
4945,news
4946,news
4947,news
4948,news
4949,news
4950,news
4951,news
4952,news
4953,news
4954,news
4955,news
4956,news
4957,news
4958,news
4959,news
4960,news
4961,news
4962,news
4963,news
4964,news
4965,news
4966,news
4967,news
4968,news
4969,news
4970,news
4971,news
4972,news
4973,other
4974,news
4975,news
4976,news
4977,news
4978,news
4979,news
4980,news
4981,news
4982,news
4983,news
4984,news
4985,news
4986,news
4987,news
4988,news
4989,news
4990,clickbait
4991,news
4992,news
4993,news
4994,clickbait
4995,news
4996,news
4997,clickbait
4998,news
4999,news
5000,news
5001,news
5002,news
5003,news
5004,news
5005,news
5006,news
5007,news
5008,news
5009,news
5010,news
5011,news
5012,news
5013,news
5014,clickbait
5015,other
5016,news
5017,news
5018,clickbait
5019,news
5020,news
5021,news
5022,news
5023,clickbait
5024,news
5025,news
5026,clickbait
5027,news
5028,news
5029,other
5030,news
5031,news
5032,news
5033,news
5034,news
5035,news
5036,news
5037,news
5038,news
5039,news
5040,news
5041,news
5042,news
5043,news
5044,news
5045,other
5046,news
5047,other
5048,news
5049,news
5050,news
5051,news
5052,news
5053,news
5054,news
5055,news
5056,news
5057,news
5058,clickbait
5059,news
5060,other
5061,news
5062,news
5063,news
5064,news
5065,news
5066,clickbait
5067,news
5068,clickbait
5069,clickbait
5070,news
5071,news
5072,clickbait
5073,clickbait
5074,news
5075,news
5076,news
5077,news
5078,news
5079,news
5080,clickbait
5081,news
5082,news
5083,clickbait
5084,other
5085,news
5086,clickbait
5087,news
5088,clickbait
5089,other
5090,news
5091,news
5092,news
5093,news
5094,news
5095,news
5096,news
5097,news
5098,news
5099,news
5100,news
5101,other
5102,news
5103,clickbait
5104,news
5105,news
5106,news
5107,news
5108,news
5109,news
5110,news
5111,news
5112,news
5113,news
5114,news
5115,news
5116,clickbait
5117,news
5118,news
5119,news
5120,other
5121,news
5122,news
5123,news
5124,news
5125,news
5126,news
5127,news
5128,news
5129,news
5130,other
5131,other
5132,news
5133,other
5134,other
5135,news
5136,news
5137,news
5138,news
5139,news
5140,news
5141,news
5142,news
5143,news
5144,news
5145,news
5146,news
5147,news
5148,news
5149,news
5150,news
5151,news
5152,news
5153,news
5154,news
5155,news
5156,news
5157,clickbait
5158,news
5159,news
5160,news
5161,clickbait
5162,news
5163,news
5164,news
5165,news
5166,clickbait
5167,news
5168,news
5169,news
5170,other
5171,news
5172,other
5173,news
5174,news
5175,news
5176,news
5177,news
5178,news
5179,news
5180,news
5181,news
5182,news
5183,news
5184,news
5185,news
5186,news
5187,other
5188,news
5189,news
5190,news
5191,news
5192,news
5193,news
5194,news
5195,news
5196,news
5197,clickbait
5198,news
5199,news
5200,clickbait
5201,news
5202,news
5203,news
5204,news
5205,news
5206,news
5207,news
5208,news
5209,clickbait
5210,clickbait
5211,news
5212,other
5213,news
5214,clickbait
5215,news
5216,other
5217,news
5218,news
5219,news
5220,news
5221,news
5222,news
5223,news
5224,news
5225,news
5226,clickbait
5227,news
5228,other
5229,news
5230,news
5231,news
5232,other
5233,news
5234,news
5235,news
5236,news
5237,news
5238,news
5239,other
5240,news
5241,news
5242,news
5243,other
5244,other
5245,news
5246,news
5247,news
5248,news
5249,clickbait
5250,news
5251,news
5252,other
5253,other
5254,news
5255,news
5256,news
5257,news
5258,news
5259,news
5260,clickbait
5261,clickbait
5262,news
5263,news
5264,news
5265,news
5266,news
5267,news
5268,news
5269,clickbait
5270,news
5271,news
5272,other
5273,news
5274,news
5275,news
5276,news
5277,news
5278,news
5279,clickbait
5280,news
5281,news
5282,other
5283,news
5284,news
5285,news
5286,clickbait
5287,news
5288,news
5289,news
5290,news
5291,news
5292,news
5293,news
5294,clickbait
5295,news
5296,news
5297,news
5298,clickbait
5299,news
5300,clickbait
5301,news
5302,news
5303,news
5304,news
5305,news
5306,other
5307,news
5308,news
5309,news
5310,news
5311,news
5312,news
5313,news
5314,other
5315,other
5316,clickbait
5317,news
5318,news
5319,news
5320,news
5321,news
5322,news
5323,other
5324,other
5325,news
5326,news
5327,clickbait
5328,news
5329,news
5330,other
5331,news
5332,news
5333,news
5334,news
5335,news
5336,news
5337,news
5338,news
5339,news
5340,other
5341,news
5342,news
5343,news
5344,clickbait
5345,news
5346,news
5347,news
5348,news
5349,news
5350,news
5351,news
5352,news
5353,news
5354,clickbait
5355,news
5356,news
5357,clickbait
5358,news
5359,news
5360,news
5361,news
5362,news
5363,other
5364,news
5365,clickbait
5366,news
5367,news
5368,news
5369,news
5370,news
5371,news
5372,news
5373,news
5374,news
5375,news
5376,other
5377,news
5378,news
5379,news
5380,news
5381,news
5382,clickbait
5383,clickbait
5384,news
5385,news
5386,news
5387,news
5388,news
5389,news
5390,news
5391,news
5392,news
5393,news
5394,news
5395,news
5396,news
5397,news
5398,news
5399,news
5400,news
5401,news
5402,clickbait
5403,other
5404,other
5405,other
5406,news
5407,news
5408,news
5409,news
5410,clickbait
5411,news
5412,news
5413,news
5414,news
5415,news
5416,news
5417,news
5418,news
5419,clickbait
5420,news
5421,news
5422,news
5423,news
5424,news
5425,news
5426,news
5427,clickbait
5428,news
5429,news
5430,news
5431,news
5432,news
5433,news
5434,news
5435,news
5436,news
5437,news
5438,clickbait
5439,clickbait
5440,news
5441,clickbait
5442,news
5443,news
5444,news
5445,news
5446,news
5447,news
5448,news
5449,clickbait
5450,news
5451,news
5452,news
5453,news
5454,news
5455,news
5456,news
5457,news
5458,clickbait
5459,news
5460,news
5461,news
5462,news
5463,news
5464,clickbait
5465,news
5466,news
5467,news
5468,news
5469,news
5470,news
5471,news
5472,news
5473,news
5474,news
5475,news
5476,news
5477,clickbait
5478,clickbait
5479,news
5480,news
5481,news
5482,clickbait
5483,news
5484,news
5485,clickbait
5486,news
5487,news
5488,news
5489,news
5490,news
5491,news
5492,news
5493,news
5494,news
5495,news
5496,news
5497,clickbait
5498,news
5499,news
5500,clickbait
5501,news
5502,news
5503,news
5504,news
5505,news
5506,news
5507,news
5508,news
5509,other
5510,news
5511,news
5512,news
5513,other
5514,news
5515,news
5516,news
5517,news
5518,news
5519,news
5520,news
5521,news
5522,news
5523,news
5524,clickbait
5525,other
5526,news
5527,news
5528,news
5529,news
5530,news
5531,clickbait
5532,news
5533,news
5534,clickbait
5535,news
5536,news
5537,news
5538,other
5539,news
5540,news
5541,news
5542,news
5543,news
5544,news
5545,news
5546,news
5547,news
5548,clickbait
5549,news
5550,news
5551,news
5552,news
5553,news
5554,news
5555,news
5556,news
5557,other
5558,news
5559,news
5560,news
5561,clickbait
5562,news
5563,news
5564,news
5565,news
5566,news
5567,news
5568,news
5569,news
5570,news
5571,news
5572,news
5573,news
5574,news
5575,news
5576,news
5577,news
5578,news
5579,news
5580,news
5581,news
5582,news
5583,clickbait
5584,news
5585,news
5586,news
5587,news
5588,news
5589,news
5590,news
5591,news
5592,other
5593,news
5594,news
5595,news
5596,news
5597,news
5598,news
5599,news
5600,news
5601,news
5602,news
5603,news
5604,news
5605,news
5606,news
5607,news
5608,other
5609,news
5610,news
5611,news
5612,news
5613,news
5614,news
5615,news
5616,news
5617,news
5618,news
5619,news
5620,news
5621,news
5622,news
5623,other
5624,news
5625,news
5626,news
5627,news
5628,news
5629,news
5630,other
5631,news
5632,news
5633,clickbait
5634,news
5635,news
5636,news
5637,news
5638,news
5639,news
5640,clickbait
5641,clickbait
5642,news
5643,news
5644,news
5645,news
5646,news
